allen_lee	ou_3609489054d9ef7d45064b217def1d72
bin_huang	ou_4c906161226367b6a8a57bb2bdcb8107
blazeer.qin	ou_779f88952c963e71d34b57dfe871fa47
cicely_chen	ou_be62848c509940fa098c8d1a4e8e4c34
devin	ou_9410e0d48699cc4dfd2ad5e064a2eb19
evan_lee	ou_ce9a33e274c31e8d13b7e6b815410954
henry_zhao	ou_1aeee3b9d9b1cd823b713e583c69eee9
kristina_zhang	ou_028a3441c3d31bbb2d093070d2fc72f0
sabrina_zhang	ou_5925cc5859dee57fdc07c81c01df6511
Jack_Yuan	ou_03ea7b42ae81c9492e040282a768b225
lennard	ou_227a43e528bfe5297523e14964a86be0
linch_ren	ou_1c305b1a06274ae96d848066a2c5075c
morita_wong	ou_e71de1424813eb6f63c689a12a3575c0
robin_cn	ou_f198fe1c241a428e3e898163777833f8
russell_zhu	ou_b9d0dd20d0fd944ea6165f83ed6b3bdc
sammy_sun	ou_948142538c5303e04af4d18b90caaf9b
tomson_yang	ou_8813464dab0266536755330e5f54ebed
micheal_mai	ou_a39fbcf05c99c8e5c649a4f5e192635c
